block,x,y,width,height,rotated,original_width,original_height
b0,43,1200,16,36,1,36,16
b1,41,1817,19,39,0,19,39
b2,0,1776,41,35,0,41,35
b3,0,324,47,18,1,18,47
b4,34,2627,26,32,0,26,32
b5,0,2500,35,31,0,35,31
b6,0,2877,29,13,0,29,13
b7,0,2890,28,21,0,28,21
b8,45,906,15,32,1,32,15
b9,0,573,46,34,0,46,34
b10,0,836,45,32,0,45,32
b11,46,409,14,36,0,14,36
b12,0,1547,42,36,1,36,42
b13,0,47,48,45,0,48,45
b14,43,1370,15,25,0,15,25
b15,0,402,46,45,1,45,46
b16,42,1575,18,22,0,18,22
b17,34,2561,26,33,1,33,26
b18,39,2118,19,34,1,34,19
b19,45,938,12,30,1,30,12
b20,0,2786,33,28,1,28,33
b21,0,1048,44,39,0,44,39
b22,0,2111,39,26,1,26,39
b23,0,1971,40,25,0,40,25
b24,33,2796,25,15,0,25,15
b25,0,2330,36,36,1,36,36
b26,0,1427,43,25,0,43,25
b27,45,839,15,34,1,34,15
b28,0,535,46,38,0,46,38
b29,48,82,12,37,0,12,37
b30,43,1292,17,27,0,17,27
b31,44,1126,16,37,1,37,16
b32,37,2190,23,32,0,23,32
b33,42,1511,18,36,0,18,36
b34,40,1895,19,38,0,19,38
b35,45,873,15,33,0,15,33
b36,43,1264,12,28,1,28,12
b37,43,1419,16,21,0,16,21
b38,34,2594,26,33,1,33,26
b39,0,1681,42,30,1,30,42
b40,0,1844,41,28,1,28,41
b41,42,1669,16,16,1,16,16
b42,0,1175,44,19,1,19,44
b43,0,1872,40,34,0,40,34
b44,33,2740,27,16,0,27,16
b45,46,372,14,37,0,14,37
b46,0,215,48,15,0,48,15
b47,37,2315,23,14,0,23,14
b48,33,2772,26,24,1,24,26
b49,0,1940,40,31,0,40,31
b50,0,1617,42,33,1,33,42
b51,0,169,48,27,1,27,48
b52,0,2254,37,27,1,27,37
b53,42,1639,18,17,1,17,18
b54,44,1006,16,43,1,43,16
b55,47,243,13,46,0,13,46
b56,0,2911,25,22,1,22,25
b57,0,196,48,19,1,19,48
b58,41,1776,19,41,0,19,41
b59,0,356,46,46,1,46,46
b60,0,2531,35,30,1,30,35
b61,0,2561,34,33,1,33,34
b62,0,765,45,37,1,37,45
b63,45,804,15,35,0,15,35
b64,0,0,48,47,1,47,48
b65,0,2756,33,30,1,30,33
b66,0,2846,31,31,1,31,31
b67,0,1087,44,37,0,44,37
b68,36,2402,24,35,1,35,24
b69,40,1933,19,38,0,19,38
b70,46,445,14,36,1,36,14
b71,0,1583,42,34,0,42,34
b72,0,2594,34,33,0,34,33
b73,42,1473,18,38,0,18,38
b74,31,2871,29,18,0,29,18
b75,33,2717,27,23,1,23,27
b76,46,2992,14,12,0,14,12
b77,43,1395,16,24,1,24,16
b78,0,1401,43,26,1,26,43
b79,40,2008,19,37,0,19,37
b80,46,2977,14,15,0,14,15
b81,38,2152,20,32,1,32,20
b82,0,2693,33,32,1,32,33
b83,39,2045,19,37,0,19,37
b84,0,1278,43,37,0,43,37
b85,0,132,48,37,0,48,37
b86,25,2931,24,24,1,24,24
b87,0,971,45,19,0,45,19
b88,0,1345,43,28,1,28,43
b89,48,191,12,35,0,12,35
b90,0,925,45,24,0,45,24
b91,0,1124,44,28,0,44,28
b92,0,1711,42,24,0,42,24
b93,0,1452,43,21,0,43,21
b94,42,1685,16,15,1,15,16
b95,0,2366,36,25,0,36,25
b96,0,900,45,25,1,25,45
b97,32,2814,28,25,1,25,28
b98,43,1319,16,26,0,16,26
b99,40,1971,20,37,1,37,20
b100,33,2692,27,25,0,27,25
b101,0,92,48,40,1,40,48
b102,0,2165,38,25,1,25,38
b103,0,2814,32,32,1,32,32
b104,0,2391,36,25,0,36,25
b105,0,1650,42,31,0,42,31
b106,0,2077,39,34,1,34,39
b107,0,990,45,16,0,45,16
b108,46,550,12,33,1,33,12
b109,48,2955,12,22,0,12,22
b110,0,1152,44,23,0,44,23
b111,42,1656,18,13,0,18,13
b112,0,662,46,18,1,18,46
b113,0,1373,43,28,0,43,28
b114,41,1856,19,39,1,39,19
b115,0,2224,37,30,0,37,30
b116,0,1473,42,37,1,37,42
b117,0,2306,37,24,1,24,37
b118,0,2042,39,35,0,39,35
b119,36,2330,24,36,0,24,36
b120,45,680,15,45,0,15,45
b121,0,868,45,32,1,32,45
b122,0,1315,43,30,0,43,30
b123,46,481,13,35,0,13,35
b124,47,333,13,39,0,13,39
b125,42,1547,18,28,0,18,28
b126,0,2137,38,28,0,38,28
b127,0,2933,24,22,0,24,22
b128,0,2416,36,25,0,36,25
b129,0,447,46,44,1,44,46
b130,0,680,45,44,1,44,45
b131,39,2082,20,36,1,36,20
b132,44,1088,16,38,1,38,16
b133,43,1460,14,12,0,14,12
b134,36,2437,16,29,1,29,16
b135,45,767,15,37,0,15,37
b136,24,2955,24,19,0,24,19
b137,42,1597,18,22,1,22,18
b138,35,2531,22,30,1,30,22
b139,0,2725,33,31,0,33,31
b140,48,226,12,16,0,12,16
b141,35,2466,25,34,0,25,34
b142,0,635,46,27,1,27,46
b143,0,491,46,44,0,46,44
b144,31,2846,29,25,1,25,29
b145,0,802,45,34,0,45,34
b146,0,2627,34,33,1,33,34
b147,46,616,12,31,0,12,31
b148,43,1345,17,25,0,17,25
b149,24,2974,22,22,1,22,22
b150,46,647,13,30,0,13,30
b151,33,2756,27,16,1,16,27
b152,0,2660,33,33,1,33,33
b153,48,42,12,40,1,40,12
b154,0,1006,44,42,1,42,44
b155,42,1700,13,12,1,12,13
b156,0,1757,42,19,1,19,42
b157,48,0,12,42,1,42,12
b158,43,1236,17,28,1,28,17
b159,36,2366,24,36,0,24,36
b160,48,119,12,36,0,12,36
b161,37,2284,19,31,0,19,31
b162,45,968,12,30,1,30,12
b163,0,243,47,46,1,46,47
b164,33,2660,27,32,1,32,27
b165,0,1811,41,33,0,41,33
b166,48,155,12,36,1,36,12
b167,0,342,47,14,0,47,14
b168,0,2281,37,25,0,37,25
b169,0,607,46,28,0,46,28
b170,0,949,45,22,1,22,45
b171,0,2466,35,34,0,35,34
b172,35,2500,25,31,1,31,25
b173,0,1735,42,22,0,42,22
b174,25,2911,25,20,0,25,20
b175,46,516,12,34,1,34,12
b176,43,1440,16,20,1,20,16
b177,37,2222,21,31,0,21,31
b178,42,1619,16,20,1,20,16
b179,0,724,45,41,0,45,41
b180,0,2977,21,19,1,19,21
b181,45,725,15,42,0,15,42
b182,46,583,12,33,1,33,12
b183,44,1163,16,37,1,37,16
b184,0,2996,20,19,0,20,19
b185,47,289,13,44,0,13,44
b186,0,230,48,13,1,13,48
b187,0,2955,24,22,1,22,24
b188,0,1996,40,24,1,24,40
b189,37,2253,20,31,1,31,20
b190,0,2190,37,34,0,37,34
b191,0,1510,42,37,0,42,37
b192,29,2889,28,22,1,22,28
b193,0,1194,43,42,1,42,43
b194,0,1236,43,42,1,42,43
b195,0,2441,36,25,1,25,36
b196,44,1049,16,39,1,39,16
b197,0,289,47,35,0,47,35
b198,0,2020,40,22,1,22,40
b199,0,1906,40,34,1,34,40
